<?xml version="1.0" encoding="UTF-8"?>
<project-private xmlns="http://www.netbeans.org/ns/project-private/1">
    <editor-bookmarks xmlns="http://www.netbeans.org/ns/editor-bookmarks/2" lastBookmarkId="0"/>
    <open-files xmlns="http://www.netbeans.org/ns/projectui-open-files/2">
        <group>
            <file>file:/C:/Users/YEHORBURLACHENKO/AulaCampus/EDE/tema%203/act1t3/src/act1t3/CalculaImportes.java</file>
            <file>file:/C:/Users/YEHORBURLACHENKO/AulaCampus/EDE/tema%203/act1t3/test/CalculaImportesTest.java</file>
            <file>file:/C:/Users/YEHORBURLACHENKO/AulaCampus/EDE/tema%203/act1t3/src/act1t3/Act1t3.java</file>
        </group>
    </open-files>
</project-private>
