<?xml version="1.0" encoding="UTF-8"?>
<project-private xmlns="http://www.netbeans.org/ns/project-private/1">
    <editor-bookmarks xmlns="http://www.netbeans.org/ns/editor-bookmarks/2" lastBookmarkId="0"/>
    <open-files xmlns="http://www.netbeans.org/ns/projectui-open-files/2">
        <group>
            <file>file:/C:/Tareas/PRO/tema%203/Act0Addict/src/act0addict/Vehiculo.java</file>
            <file>file:/C:/Tareas/PRO/tema%203/Act0Addict/src/act0addict/Act0Addict.java</file>
        </group>
    </open-files>
</project-private>
